<?xml version="1.0" encoding="UTF-8"?>
<!DOCTYPE suite SYSTEM "http://testng.org/testng-1.0.dtd">
<suite name="TestSuite" parallel="false">
 <parameter name="browser" value="chrome" />
  <parameter name="appURL" value="https://cai.tools.sap/" />
  <parameter name="sheetName" value="Test1" />
    <parameter name="testDataFileName" value="SAP.xlsx" />
 <!--=======================================================================================================================-->  
    <test name="NewUserSignUp">
    <classes>
        <class name="com.sap.in.signup.Signup_TC">
        <methods>
          <include name="TC_01_NewUserSignUp"/> 
        </methods>
        </class>
    </classes>
  </test>  
  
  </suite>